Season,TEAM,RK,HOME_GMS,HOME_TOTAL,HOME_AVG,HOME_PCT,ROAD_GMS,ROAD_AVG,ROAD_PCT,OVERALL_GMS,OVERALL_AVG,OVERALL_PCT
2014-2015,2015 Attendance,2015 Attendance,NA,NA,NA,NA,NA,NA,NA,NA,NA,NA
2014-2015,TEAM,RK,NA,NA,NA,NA,NA,NA,NA,NA,NA,NA
2014-2015,Bulls,1,41,875091,21343,NA,41,18404,4192.2,82,19874,9053.8
2014-2015,Cavaliers,2,41,843042,20562,NA,41,18915,4308.5,82,19738,8992.1
2014-2015,Mavericks,3,41,827702,20187,NA,41,17653,4021.1,82,18920,8619.4
2014-2015,NY Knicks,4,41,812292,19812,NA,41,17462,3977.6,82,18637,8490.3
2014-2015,Raptors,5,41,809824,19751,NA,41,17522,3991.3,82,18637,8490.3
2014-2015,Heat,6,41,808223,19712,NA,41,17703,4032.4,82,18708,8522.6
2014-2015,Warriors,7,41,803436,19596,NA,41,18312,2085.5,82,18954,4317.3
2014-2015,Trail Blazers,8,41,801733,19554,NA,41,17657,2011,82,18605,4238
2014-2015,Clippers,9,41,785892,19168,106.5,41,18079,NA,82,18623,206.9
2014-2015,Jazz,10,41,772059,18830,NA,41,17135,1951.5,82,17982,4096.1
2014-2015,Lakers,11,41,768244,18737,NA,41,17875,2035.8,82,18306,4169.8
2014-2015,Spurs,12,41,762855,18606,NA,41,17972,2046.9,82,18289,4165.9
2014-2015,Wizards,13,41,747796,18238,NA,41,18253,4157.7,82,18246,8312.1
2014-2015,Rockets,14,41,747412,18229,NA,41,17969,2046.6,82,18099,4122.7
2014-2015,Thunder,15,41,746323,18203,NA,41,17956,4090.1,82,18079,8236.4
2014-2015,Celtics,16,41,721350,17593,NA,41,17741,4041.1,82,17667,8048.6
2014-2015,Hawks,17,41,713909,17412,NA,41,17582,4004.9,82,17497,7971
2014-2015,Grizzlies,18,41,710502,17329,NA,41,18017,2052,82,17673,4025.6
2014-2015,Hornets,19,41,704886,17192,NA,41,17654,4021.3,82,17423,7937.3
2014-2015,Nets,20,41,698529,17037,NA,41,18039,4109,82,17538,7989.7
2014-2015,Suns,21,41,693862,16923,NA,41,17586,2002.9,82,17254,3930.3
2014-2015,Pacers,22,41,691434,16864,NA,41,17892,4075.5,82,17378,7916.8
2014-2015,Magic,23,41,688194,16785,NA,41,17585,4005.7,82,17185,7829
2014-2015,Pelicans,24,41,683757,16677,NA,41,17640,2009.1,82,17158,3908.4
2014-2015,Kings,25,41,680049,16586,NA,41,17515,1994.8,82,17050,3883.8
2014-2015,Pistons,26,41,625917,15266,NA,41,17866,4069.6,82,16566,7546.9
2014-2015,Bucks,27,41,611226,14907,NA,41,17180,3913.4,82,16044,7309.1
2014-2015,Nuggets,28,41,602707,14700,NA,41,17437,1986,82,16068,3660.2
2015-2016,2016 Attendance,2016 Attendance,NA,NA,NA,NA,NA,NA,NA,NA,NA,NA
2015-2016,TEAM,RK,NA,NA,NA,NA,NA,NA,NA,NA,NA,NA
2015-2016,Cavaliers,1,41,843042,20562,NA,41,18910,4307.3,82,19736,8990.9
2015-2016,Mavericks,2,41,825901,20143,NA,41,17727,2018.9,82,18935,4313.1
2015-2016,Raptors,3,41,812863,19825,NA,41,17162,3909.3,82,18494,8425.2
2015-2016,NY Knicks,4,41,812292,19812,NA,41,18440,4200.4,82,19126,8713.1
2015-2016,Heat,5,41,809350,19740,NA,41,18044,4110.1,82,18892,8606.5
2015-2016,Warriors,6,41,803436,19596,NA,41,19134,2179.2,82,19365,4410.9
2015-2016,Trail Blazers,7,41,794085,19367,NA,41,17703,2016.3,82,18535,4222
2015-2016,Jazz,8,41,791489,19304,NA,41,17378,3958.4,82,18341,8355.6
2015-2016,Clippers,9,41,786910,19192,106.6,41,17792,NA,82,18492,205.5
2015-2016,Spurs,10,41,756445,18449,NA,41,17938,4085.9,82,18194,8288.4
2015-2016,Celtics,11,41,749076,18270,NA,41,17439,3972.4,82,17854,8133.9
2015-2016,Thunder,12,41,746323,18203,NA,41,18258,2079.5,82,18230,4152.6
2015-2016,Rockets,13,41,737244,17981,NA,41,17740,2020.5,82,17861,4068.4
2015-2016,Wizards,14,41,725426,17693,NA,41,17787,4051.5,82,17740,8081.7
2015-2016,Magic,15,41,719275,17543,NA,41,17175,3912.2,82,17359,7908.1
2015-2016,Hornets,16,41,716894,17485,NA,41,17784,4050.9,82,17634,8033.6
2015-2016,Kings,17,41,707526,17256,NA,41,17355,1976.6,82,17306,3941.9
2015-2016,Suns,18,41,701405,17107,NA,41,16881,1922.6,82,16994,3870.9
2015-2016,Pacers,19,41,690733,16847,NA,41,17851,4066.3,82,17349,7903.7
2015-2016,Hawks,20,41,690150,16832,NA,41,17611,4011.5,82,17222,7845.6
2015-2016,Pelicans,21,41,688549,16793,NA,41,17851,2033,82,17322,3945.7
2015-2016,Grizzlies,22,41,684603,16697,NA,41,17589,2003.3,82,17143,3905
2015-2016,Pistons,23,41,677138,16515,NA,41,17814,4057.7,82,17164,7819.6
2015-2016,Bucks,24,41,621808,15166,NA,41,17623,4014.2,82,16394,7468.6
2015-2016,Nets,25,41,620142,15125,NA,41,18106,4124.2,82,16615,7569.4
2015-2016,76ers,26,41,610121,14881,NA,41,17491,3984.3,82,16186,7373.8
2015-2016,Timberwolves,27,41,581178,14175,NA,41,17831,2030.9,82,16003,3645.2
2015-2016,Nuggets,28,41,577898,14095,NA,41,17751,2021.7,82,15923,3627
2016-2017,2017 Attendance,2017 Attendance,NA,NA,NA,NA,NA,NA,NA,NA,NA,NA
2016-2017,TEAM,RK,NA,NA,NA,NA,NA,NA,NA,NA,NA,NA
2016-2017,Bulls,1,41,888882,21680,NA,41,18033,4107.6,82,19856,9045.8
2016-2017,Cavaliers,2,41,843042,20562,NA,41,19021,4332.7,82,19791,9016.2
2016-2017,Raptors,3,41,813050,19830,NA,41,17925,4083.1,82,18878,8600
2016-2017,Mavericks,4,41,811366,19789,NA,41,17519,1995.3,82,18654,4249
2016-2017,NY Knicks,5,41,810741,19774,NA,41,17927,4083.5,82,18850,8587.6
2016-2017,Jazz,6,41,806605,19673,NA,41,17212,1960.3,82,18442,4200.9
2016-2017,Heat,7,41,805400,19643,NA,41,17818,4058.7,82,18731,8533.1
2016-2017,Warriors,8,41,803436,19596,NA,41,19015,2165.6,82,19305,4397.4
2016-2017,Trail Blazers,9,41,792029,19317,NA,41,17555,1999.4,82,18436,4199.5
2016-2017,Clippers,10,41,782609,19088,106,41,17889,NA,82,18488,205.4
2016-2017,Lakers,11,41,776917,18949,NA,41,18191,2071.8,82,18570,4229.9
2016-2017,Celtics,12,41,760690,18553,NA,41,18313,4171.4,82,18433,8397.4
2016-2017,Spurs,13,41,755347,18423,NA,41,18131,2065,82,18277,4163.2
2016-2017,Thunder,14,41,746323,18203,NA,41,18373,2092.6,82,18288,4165.7
2016-2017,Magic,15,41,727875,17753,NA,41,17333,3948.3,82,17543,7992
2016-2017,Kings,16,41,721928,17608,NA,41,17489,1991.8,82,17548,3997.2
2016-2017,Hornets,17,41,710643,17332,NA,41,17563,4000.7,82,17448,7948.7
2016-2017,76ers,18,41,710557,17330,NA,41,17209,3919.8,82,17269,7867.4
2016-2017,Suns,19,41,708639,17283,NA,41,17618,2006.6,82,17451,3975
2016-2017,Wizards,20,41,697107,17002,NA,41,17949,4088.5,82,17476,7961.3
2016-2017,Rockets,21,41,695903,16973,NA,41,18140,2066,82,17556,3999.1
2016-2017,Pacers,22,41,684578,16697,NA,41,17848,4065.5,82,17272,7868.7
2016-2017,Grizzlies,23,41,677314,16519,NA,41,17655,2010.8,82,17087,3892.2
2016-2017,Pelicans,24,41,663099,16173,NA,41,18062,4114.3,82,17118,7798.2
2016-2017,Pistons,25,41,655141,15979,NA,41,17699,4031.6,82,16839,7671.2
2016-2017,Hawks,26,41,654306,15958,NA,41,17816,4058.2,82,16887,7693.3
2016-2017,Bucks,27,41,648952,15828,NA,41,17928,4083.6,82,16878,7688.9
2016-2017,Nets,28,41,632608,15429,NA,41,17755,4044.2,82,16592,7558.7
2017-2018,2018 Attendance,2018 Attendance,NA,NA,NA,NA,NA,NA,NA,NA,NA,NA
2017-2018,TEAM,RK,NA,NA,NA,NA,NA,NA,NA,NA,NA,NA
2017-2018,Bulls,1,41,851824,20776,NA,41,18030,4106.9,82,19403,8839.3
2017-2018,Cavaliers,2,41,843042,20562,NA,41,19071,4238.1,82,19825,8921.6
2017-2018,76ers,3,41,833503,20329,NA,41,18012,4002.7,82,19185,8633.3
2017-2018,Raptors,4,41,813431,19839,NA,41,17673,4025.6,82,18756,8544.6
2017-2018,Mavericks,5,41,811453,19791,NA,41,17374,1930.5,82,18597,4184.5
2017-2018,Heat,6,41,785250,19631,NA,41,18177,4140.4,82,18895,8502.9
2017-2018,Warriors,7,41,803436,19596,NA,41,18884,2150.7,82,19240,4382.5
2017-2018,Trail Blazers,8,41,795328,19398,NA,41,17556,1999.5,82,18477,4208.8
2017-2018,NY Knicks,9,41,792608,19331,NA,41,18179,4039.8,82,18762,8443.2
2017-2018,Lakers,10,41,776327,18934,NA,41,18655,2072.8,82,18796,4229.3
2017-2018,Celtics,11,41,744960,18624,NA,41,18588,4130.7,82,18606,8269.4
2017-2018,Spurs,12,41,754562,18403,NA,41,18427,4197.4,82,18415,8389.4
2017-2018,Thunder,13,41,746323,18203,NA,41,18866,4297.5,82,18534,8443.7
2017-2018,Wizards,14,41,718946,17973,NA,41,17682,4027.6,82,17826,8021.8
2017-2018,Jazz,15,41,734806,17922,NA,41,17495,1992.5,82,17708,4033.7
2017-2018,Rockets,16,41,716008,17900,NA,41,18369,2092,82,18137,4081
2017-2018,Magic,17,41,715728,17893,NA,41,17651,4020.6,82,17770,7996.8
2017-2018,Kings,18,41,649571,17555,NA,41,17478,1990.6,82,17515,3795
2017-2018,Pistons,19,41,713945,17413,NA,41,17959,4090.7,82,17686,8057.1
2017-2018,Nuggets,20,41,702796,17141,NA,41,17871,2035.3,82,17506,3987.5
2017-2018,Timberwolves,21,41,699308,17056,NA,41,17850,2033,82,17453,3975.5
2017-2018,Clippers,22,41,697812,17019,94.6,41,17735,NA,82,17373,190.7
2017-2018,Suns,23,41,674655,16866,NA,41,17610,2005.7,82,17243,3879.7
2017-2018,Bucks,24,41,685303,16714,NA,41,18380,4186.7,82,17547,7994
2017-2018,Pelicans,25,41,673920,16437,NA,41,17911,2039.9,82,17174,3911.9
2017-2018,Hornets,26,41,671404,16375,NA,41,17623,4014.2,82,16999,7744.2
2017-2018,Pacers,27,41,658119,16051,NA,41,17749,3944.2,82,16889,7600.5
2017-2018,Grizzlies,28,41,653863,15947,NA,41,17348,1975.8,82,16648,3792.1
2018-2019,2019 Attendance,2019 Attendance,NA,NA,NA,NA,NA,NA,NA,NA,NA,NA
2018-2019,TEAM,RK,NA,NA,NA,NA,NA,NA,NA,NA,NA,NA
2018-2019,76ers,1,41,838092,20441,NA,41,17895,4076.1,82,19168,8732.2
2018-2019,Bulls,2,41,823475,20084,NA,41,17822,4059.5,82,18953,8634.4
2018-2019,Mavericks,3,41,820569,20013,NA,41,18073,2058.4,82,19043,4337.8
2018-2019,Raptors,4,41,812822,19824,NA,41,18239,4154.7,82,19032,8670.3
2018-2019,Heat,5,41,805264,19640,NA,41,18176,4140.1,82,18908,8613.8
2018-2019,Warriors,6,41,803436,19596,NA,41,18790,2140,82,19193,4371.8
2018-2019,Trail Blazers,7,41,799345,19496,NA,41,17992,1999.2,82,18753,4219.6
2018-2019,Cavaliers,8,41,793337,19349,NA,41,17632,4016.2,82,18490,8423.7
2018-2019,NY Knicks,9,41,779087,19002,NA,41,17566,4001.3,82,18284,8329.5
2018-2019,Lakers,10,41,778877,18997,NA,41,18862,2148.2,82,18929,4311.8
2018-2019,Celtics,11,41,763584,18624,NA,41,18671,4253,82,18647,8495.1
2018-2019,Nuggets,12,41,756457,18450,NA,41,17474,1990.2,82,17962,4091.5
2018-2019,Spurs,13,41,750616,18307,NA,41,17381,1979.6,82,17844,4064.6
2018-2019,Jazz,14,41,750546,18306,NA,41,17517,1995,82,17911,4079.9
2018-2019,Thunder,15,41,746323,18203,NA,41,17866,2034.8,82,18034,4107.9
2018-2019,Rockets,16,41,740392,18058,NA,41,17921,2041,82,17989,4097.7
2018-2019,Bucks,17,41,721692,17602,NA,41,18185,4142.3,82,17893,8151.7
2018-2019,Magic,18,41,720024,17561,NA,41,17659,4022.5,82,17610,8022.6
2018-2019,Wizards,19,41,716996,17487,NA,41,17509,3988.3,82,17498,7971.6
2018-2019,Clippers,20,41,710327,17325,96.3,41,17233,NA,82,17279,192
2018-2019,Kings,21,41,700975,17096,NA,41,17199,1958.8,82,17148,3905.9
2018-2019,Pacers,22,41,689310,16812,NA,41,17957,3990.5,82,17377,7820
2018-2019,Hornets,23,41,676570,16501,NA,41,17648,4019.8,82,17074,7778.6
2018-2019,Pistons,24,41,675963,16486,NA,41,17819,4058.8,82,17153,7814.1
2018-2019,Pelicans,25,41,656183,16004,NA,41,17667,4024.2,82,16835,7669.7
2018-2019,Grizzlies,26,41,607564,15578,NA,41,17579,2002.1,82,16604,3689.8
2018-2019,Hawks,27,41,628440,15327,NA,41,17786,4051.3,82,16557,7542.7
2018-2019,Timberwolves,28,41,627543,15305,NA,41,17641,4018.4,82,16473,7504.7
2019-2020,2020 Attendance,2020 Attendance,NA,NA,NA,NA,NA,NA,NA,NA,NA,NA
2019-2020,TEAM,RK,NA,NA,NA,NA,NA,NA,NA,NA,NA,NA
2019-2020,76ers,1,35,639491,20628,NA,38,17706,3246.3,73,19122,6799
2019-2020,Mavericks,2,38,682096,20061,NA,37,18249,NA,75,19169,NA
2019-2020,Raptors,3,36,633456,19795,NA,36,17789,3162.5,72,18792,6681.7
2019-2020,Heat,4,36,629771,19680,NA,37,18127,3323.3,73,18891,6822.1
2019-2020,Trail Blazers,5,36,608634,19633,NA,38,17941,1694.5,74,18748,3385.1
2019-2020,Nuggets,6,37,633153,19186,NA,36,17163,3051.2,73,18190,6568.7
2019-2020,Celtics,7,36,610864,19089,NA,36,18409,3272.7,72,18749,6666.4
2019-2020,Clippers,8,36,610176,19068,105.9,36,17855,NA,72,18461,205.1
2019-2020,Lakers,9,35,588907,18997,NA,36,18877,1678,71,18936,3313.8
2019-2020,NY Knicks,10,33,620789,18811,NA,33,17767,3257.4,66,18289,6706.2
2019-2020,Bulls,11,34,639352,18804,NA,31,17767,NA,65,18310,NA
2019-2020,Spurs,12,34,550515,18350,NA,37,17588,1612.3,71,17951,3141.5
2019-2020,Jazz,13,35,567486,18306,NA,37,17261,1582.3,72,17767,3158.6
2019-2020,Thunder,14,37,600699,18203,NA,35,17855,3075.1,72,18034,6412.3
2019-2020,Rockets,15,36,578458,18076,NA,36,18072,1606.4,72,18074,3213.3
2019-2020,Warriors,16,34,614176,18064,NA,31,17454,3006,65,17773,6418.1
2019-2020,Cavaliers,17,36,623576,17816,NA,29,18254,2941,65,18014,6405.3
2019-2020,Bucks,18,35,549036,17710,NA,38,17892,3379.7,73,17805,6429.9
2019-2020,Magic,19,35,529870,17092,NA,38,17243,3257.1,73,17171,6200.8
2019-2020,Kings,20,35,520663,16795,NA,37,17739,1626.2,72,17282,3072.4
2019-2020,Wizards,21,36,532702,16646,NA,36,17587,3126.7,72,17117,6086.2
2019-2020,Pacers,22,36,529002,16531,NA,37,17297,NA,73,16914,NA
2019-2020,Pelicans,23,36,528172,16505,NA,36,18234,3241.7,72,17369,6176
2019-2020,Nets,24,36,524907,16403,NA,36,17910,NA,72,17157,NA
2019-2020,Hawks,25,34,545453,16042,NA,33,17786,3260.9,67,16901,6291.2
2019-2020,Grizzlies,26,37,523297,15857,NA,36,17508,1556.3,73,16670,3009.9
2019-2020,Suns,27,39,550633,15732,NA,34,17660,2943.4,73,16622,6002.5
2019-2020,Pistons,28,33,509463,15438,NA,33,17641,3234.2,66,16539,6064.6
2020-2021,2021 Attendance,2021 Attendance,NA,NA,NA,NA,NA,NA,NA,NA,NA,NA
2020-2021,TEAM,RK,NA,NA,NA,NA,NA,NA,NA,NA,NA,NA
2020-2021,Jazz,1,36,151300,4450,NA,36,3104,NA,72,4077,NA
2020-2021,76ers,2,36,68583,3810,NA,36,2693,NA,72,3284,NA
2020-2021,Suns,3,36,104027,3715,NA,36,2951,NA,72,3397,NA
2020-2021,Mavericks,4,36,94849,3648,NA,36,2316,NA,72,3140,NA
2020-2021,Nuggets,5,36,54554,3636,NA,36,2481,234.4,72,3023,537.4
2020-2021,Magic,6,36,130712,3630,NA,36,2954,NA,72,3405,NA
2020-2021,Bulls,7,36,13655,3413,NA,36,2343,NA,72,2538,NA
2020-2021,Hornets,8,36,68255,3412,NA,36,2475,NA,72,2981,NA
2020-2021,Rockets,9,36,117009,3250,NA,36,3282,NA,72,3259,NA
2020-2021,Spurs,10,36,61053,3052,NA,36,3170,NA,72,3111,NA
2020-2021,Warriors,11,36,33457,3041,NA,36,2873,NA,72,2939,NA
2020-2021,Cavaliers,12,36,91476,2950,NA,36,2616,NA,72,2828,NA
2020-2021,Wizards,13,36,21331,2666,NA,36,2678,NA,72,2675,NA
2020-2021,Bucks,14,36,64780,2591,NA,36,2644,NA,72,2612,NA
2020-2021,Pelicans,15,36,93120,2586,NA,36,2793,NA,72,2662,NA
2020-2021,Raptors,16,36,26024,2365,NA,36,2046,250.1,72,2152,394.7
2020-2021,Lakers,17,36,23313,2331,NA,36,3015,284.8,72,2762,414.4
2020-2021,Celtics,18,36,30067,2312,NA,36,2781,NA,72,2607,NA
2020-2021,Hawks,19,36,59288,2195,NA,36,2786,NA,72,2397,NA
2020-2021,Grizzlies,20,36,61449,2194,NA,36,2928,325.3,72,2500,666.7
2020-2021,Trail Blazers,21,36,7756,1939,NA,36,3420,NA,72,3138,NA
2020-2021,NY Knicks,22,36,42131,1755,NA,36,2803,327.1,72,2244,561.2
2020-2021,Clippers,23,36,13901,1737,9.7,36,2932,NA,72,2590,50.4
2020-2021,Nets,24,36,30491,1524,NA,36,3005,NA,72,2182,NA
2020-2021,Timberwolves,25,36,15774,1434,NA,36,2307,96.1,72,1937,140
2020-2021,Pistons,26,36,14250,647,NA,36,2946,NA,72,1579,NA
2020-2021,Pacers,27,36,0,0,NA,36,3030,NA,72,2840,NA
2020-2021,Heat,,36,0,0,NA,36,3272,NA,72,3108,NA
2021-2022,2022 Attendance,2022 Attendance,NA,NA,NA,NA,NA,NA,NA,NA,NA,NA
2021-2022,TEAM,RK,NA,NA,NA,NA,NA,NA,NA,NA,NA,NA
2021-2022,Bulls,1,41,856148,20881,NA,41,18198,4044.2,82,19556,8800.6
2021-2022,76ers,2,41,846867,20655,NA,41,16589,3778.8,82,18622,8483.6
2021-2022,Mavericks,3,41,809315,19739,NA,41,17092,1946.6,82,18415,4194.7
2021-2022,Heat,4,41,804761,19628,NA,41,17294,3843.3,82,18476,8314.2
2021-2022,Celtics,5,41,766240,19156,NA,41,17583,4005.2,82,18360,8262.1
2021-2022,Raptors,6,41,547343,18873,NA,41,17233,3925.4,82,17913,6966.2
2021-2022,Lakers,7,41,764631,18649,NA,41,18179,2070.5,82,18414,4194.5
2021-2022,NY Knicks,8,41,763484,18621,NA,41,17722,3938.4,82,18177,8180
2021-2022,Cavaliers,9,41,758228,18493,NA,41,17134,3902.9,82,17813,8115.2
2021-2022,Jazz,10,41,750546,18306,NA,41,16898,3755.2,82,17610,7924.9
2021-2022,Warriors,11,41,740624,18064,NA,41,18111,2012.4,82,18087,4069.7
2021-2022,Bucks,12,41,715581,17453,NA,41,17656,4021.8,82,17555,7997.3
2021-2022,Nets,13,41,711539,17354,NA,41,17456,3976.3,82,17405,7929.3
2021-2022,Trail Blazers,14,41,705608,17209,NA,41,16559,1840,82,16888,3800
2021-2022,Hornets,15,41,700755,17091,NA,41,17503,3889.6,82,17294,7782.7
2021-2022,Nuggets,16,41,695262,16957,NA,41,16864,1873.9,82,16911,3805.2
2021-2022,Clippers,17,41,694005,16926,94,41,16910,NA,82,16918,185.7
2021-2022,Suns,18,41,679252,16567,NA,41,17403,1933.7,82,16979,3820.5
2021-2022,Hawks,19,41,672742,16408,NA,41,17073,3794.1,82,16736,7531.5
2021-2022,Pistons,20,41,663556,16184,NA,41,16752,3815.9,82,16468,7502.4
2021-2022,Timberwolves,21,41,657148,16028,NA,41,16811,1914.7,82,16419,3740.1
2021-2022,Grizzlies,22,41,646785,15775,NA,41,17740,2020.4,82,16757,3817.1
2021-2022,Rockets,23,41,638977,15584,NA,41,16655,3793.7,82,16120,7343.6
2021-2022,Wizards,24,41,637215,15541,NA,41,16939,3764.3,82,16231,7304.4
2021-2022,Pelicans,25,41,635941,15510,NA,41,16727,1812.1,82,16103,3578.6
2021-2022,Magic,26,41,622881,15192,NA,41,17062,3886.5,82,16127,7347
2021-2022,Spurs,27,41,615588,15014,NA,41,16939,1882.2,82,15965,3592.2
2021-2022,Thunder,28,41,595112,14877,NA,41,16638,1894.9,82,15768,3548
2022-2023,2023 Attendance,2023 Attendance,NA,NA,NA,NA,NA,NA,NA,NA,NA,NA
2022-2023,TEAM,RK,NA,NA,NA,NA,NA,NA,NA,NA,NA,NA
2022-2023,Bulls,1,41,841632,20527,NA,41,18243,4155.5,82,19385,8831.3
2022-2023,76ers,2,41,839261,20469,NA,41,17910,4079.7,82,19190,8742.3
2022-2023,Mavericks,3,41,827282,20177,NA,41,18138,2065.8,82,19158,4363.8
2022-2023,Raptors,4,41,811261,19786,NA,41,17755,4044.4,82,18771,8551.4
2022-2023,Heat,5,41,807190,19687,NA,41,18369,4184.1,82,19028,8668.4
2022-2023,Cavaliers,6,41,777280,19432,NA,41,18093,4121.2,82,18754,8439.5
2022-2023,NY Knicks,7,41,795110,19392,NA,41,18467,4206.5,82,18930,8623.8
2022-2023,Nuggets,8,41,788635,19235,NA,41,17628,2007.6,82,18431,4198.3
2022-2023,Celtics,9,41,766240,19156,NA,41,18830,4289.3,82,18991,8546.1
2022-2023,Trail Blazers,10,41,767374,18716,NA,41,17786,3952.6,82,18257,8215.8
2022-2023,Lakers,11,41,763168,18613,NA,41,18777,2138.5,82,18695,4258.5
2022-2023,Pistons,12,41,759715,18529,NA,41,17866,4069.5,82,18197,8290.1
2022-2023,Jazz,13,41,728240,18206,NA,41,17881,2036.5,82,18041,4059.4
2022-2023,Warriors,14,41,740624,18064,NA,41,19772,2196.9,82,18907,4254.2
2022-2023,Magic,15,41,728405,17765,NA,41,18013,4003,82,17888,8049.7
2022-2023,Nets,16,41,724439,17669,NA,41,18312,4171.1,82,17990,8195.8
2022-2023,Clippers,17,41,720543,17574,97.6,41,17625,NA,82,17599,195.6
2022-2023,Hawks,18,41,719787,17555,NA,41,18053,4112.1,82,17804,8110.9
2022-2023,Bucks,19,41,718786,17531,NA,41,18296,4167.4,82,17913,8160.7
2022-2023,Kings,20,41,715491,17451,NA,41,17534,1996.9,82,17492,3984.4
2022-2023,Wizards,21,41,710481,17328,NA,41,17753,4043.9,82,17541,7991
2022-2023,Grizzlies,22,41,707836,17264,NA,41,18162,4137,82,17713,8069.5
2022-2023,Hornets,23,41,702052,17123,NA,41,18032,4107.5,82,17578,8007.8
2022-2023,Suns,24,41,682840,17071,NA,41,18294,2083.5,82,17690,3980.3
2022-2023,Spurs,25,41,694434,16937,NA,41,17649,2010.1,82,17293,3939.1
2022-2023,Pelicans,26,41,687691,16772,NA,41,18021,2052.5,82,17397,3962.7
2022-2023,Timberwolves,27,41,687510,16768,NA,41,17499,1993,82,17133,3902.7
2022-2023,Rockets,28,41,668865,16313,NA,41,17677,2013.3,82,16995,3871.2
2023-2024,2024 Attendance,2024 Attendance,NA,NA,NA,NA,NA,NA,NA,NA,NA,NA
2023-2024,TEAM,RK,NA,NA,NA,NA,NA,NA,NA,NA,NA,NA
2023-2024,Bulls,1,41,845620,20624,NA,41,18379,4186.3,82,19501,8884.2
2023-2024,Mavericks,2,41,828897,20217,NA,41,18299,4168.3,82,19258,8773.3
2023-2024,76ers,3,41,821714,20041,NA,41,18395,4190.1,82,19218,8755.2
2023-2024,Heat,4,41,809743,19749,NA,41,18392,4189.3,82,19071,8687.9
2023-2024,NY Knicks,5,41,808885,19728,NA,41,18620,4241.2,82,19174,8735.1
2023-2024,Nuggets,6,41,807062,19684,NA,41,18211,1382.7,82,18948,2877.3
2023-2024,Raptors,7,41,800129,19515,NA,41,17993,4098.6,82,18754,8543.7
2023-2024,Cavaliers,8,41,793167,19345,NA,41,18378,4186.3,82,18862,8592.7
2023-2024,Celtics,9,41,785396,19156,NA,41,18743,4269.2,82,18949,8632.6
2023-2024,Clippers,10,41,776782,18945,105.3,41,18431,NA,82,18688,207.7
2023-2024,Lakers,11,42,793945,18903,NA,40,18673,2074.8,82,18791,4280.2
2023-2024,Magic,12,41,773939,18876,NA,41,18105,4124.1,82,18491,8423.7
2023-2024,Trail Blazers,13,41,751395,18326,NA,41,17987,2048.5,82,18156,4135.8
2023-2024,Jazz,14,41,746446,18206,NA,41,17986,2048.5,82,18096,4121.9
2023-2024,Pistons,15,40,726378,18159,NA,42,18316,4274,82,18240,8309.4
2023-2024,Spurs,16,41,742522,18110,NA,41,18386,4188,82,18248,8313.1
2023-2024,Warriors,17,41,740624,18064,NA,41,18720,2132,82,18392,4189.3
2023-2024,Timberwolves,18,41,738984,18024,NA,41,18185,2071.1,82,18104,4123.9
2023-2024,Kings,19,41,735015,17927,NA,41,17921,2041.1,82,17924,4082.8
2023-2024,Bucks,20,42,740885,17640,NA,40,18664,4147.6,82,18139,8263.6
2023-2024,Nets,21,41,720291,17568,NA,41,18156,4135.7,82,17862,8137.4
2023-2024,Rockets,22,41,720045,17562,NA,41,18170,2069.4,82,17866,4069.6
2023-2024,Thunder,23,41,715509,17451,NA,41,18404,4192.1,82,17927,8167.2
2023-2024,Pelicans,24,40,692054,17301,NA,42,18193,2122.5,82,17758,4044.9
2023-2024,Suns,25,41,699911,17071,NA,41,18582,2116.3,82,17826,4060.5
2023-2024,Hawks,26,41,696418,16985,NA,41,18416,4194.9,82,17701,8063.9
2023-2024,Wizards,27,41,692851,16898,NA,41,18190,4143.4,82,17544,7992.5
2023-2024,Grizzlies,28,41,681875,16631,NA,41,18182,2070.8,82,17406,3964.9
2024-2025,2025 Attendance,2025 Attendance,NA,NA,NA,NA,NA,NA,NA,NA,NA,NA
2024-2025,TEAM,RK,NA,NA,NA,NA,NA,NA,NA,NA,NA,NA
2024-2025,Hawks,1,40,657613,0,NA,42,0,NA,82,0,NA
2024-2025,Celtics,,41,785396,0,NA,41,0,NA,82,0,NA
2024-2025,Pelicans,,41,689400,0,NA,41,0,NA,82,0,NA
2024-2025,Bulls,,41,825659,0,NA,41,0,NA,82,0,NA
2024-2025,Cavaliers,,41,796712,0,NA,41,0,NA,82,0,NA
2024-2025,Mavericks,,40,803174,0,NA,42,0,NA,82,0,NA
2024-2025,Nuggets,,41,811211,0,NA,41,0,NA,82,0,NA
2024-2025,Pistons,,41,781929,0,NA,41,0,NA,82,0,NA
2024-2025,Warriors,,41,740624,0,NA,41,0,NA,82,0,NA
2024-2025,Rockets,,41,716853,0,NA,41,0,NA,82,0,NA
2024-2025,Pacers,,41,685434,0,NA,41,0,NA,82,0,NA
2024-2025,Clippers,,41,679220,0,NA,41,0,NA,82,0,NA
2024-2025,Lakers,,41,767626,0,NA,41,0,NA,82,0,NA
2024-2025,Heat,,41,808337,0,NA,41,0,NA,82,0,NA
2024-2025,Bucks,,42,732014,0,NA,40,0,NA,82,0,NA
2024-2025,Timberwolves,,41,772249,0,NA,41,0,NA,82,0,NA
2024-2025,Nets,,41,713304,0,NA,41,0,NA,82,0,NA
2024-2025,NY Knicks,,41,811794,0,NA,41,0,NA,82,0,NA
2024-2025,Magic,,41,762121,0,NA,41,0,NA,82,0,NA
2024-2025,76ers,,41,813621,0,NA,41,0,NA,82,0,NA
2024-2025,Suns,,41,699911,0,NA,41,0,NA,82,0,NA
2024-2025,Trail Blazers,,41,719369,0,NA,41,0,NA,82,0,NA
2024-2025,Kings,,41,679565,0,NA,41,0,NA,82,0,NA
2024-2025,Spurs,,41,731474,0,NA,41,0,NA,82,0,NA
2024-2025,Thunder,,42,754832,0,NA,40,0,NA,82,0,NA
2024-2025,Jazz,,41,745175,0,NA,41,0,NA,82,0,NA
2024-2025,Wizards,,41,663691,0,NA,41,0,NA,82,0,NA
2024-2025,Raptors,,41,768573,0,NA,41,0,NA,82,0,NA
